{"cameraMode":{"drawMode":0,"name":"Shaded","section":"Shading Mode"},"sceneLighting":true,"audioPlay":false,"sceneViewState":{"m_AlwaysRefresh":false,"showFog":true,"showSkybox":true,"showFlares":true,"showImageEffects":true,"showParticleSystems":true,"showVisualEffectGraphs":true,"m_FxEnabled":true},"in2DMode":false,"pivot":{"x":-24.395545959472658,"y":-8.320222854614258,"z":39.443206787109378},"rotation":{"x":0.32344183325767519,"y":-0.39460861682891848,"z":0.1506330668926239,"w":0.8468488454818726},"size":3.1113338470458986,"orthographic":false}