{"cameraMode":{"drawMode":0,"name":"Shaded","section":"Shading Mode"},"sceneLighting":true,"audioPlay":false,"sceneViewState":{"m_AlwaysRefresh":false,"showFog":true,"showSkybox":true,"showFlares":true,"showImageEffects":true,"showParticleSystems":true,"showVisualEffectGraphs":true,"m_FxEnabled":true},"in2DMode":false,"pivot":{"x":11.536251068115235,"y":14.907605171203614,"z":-3.0234336853027345},"rotation":{"x":-0.012830326333642006,"y":-0.9748945832252502,"z":0.058890555053949359,"w":-0.21451330184936524},"size":30.935781478881837,"orthographic":false}